[
  {
    "name": "_ga_Y246J8EW3H",
    "value": "GS1.1.1714387068.1.1.1714387074.54.0.1589891950",
    "domain": ".apnacollege.in",
    "path": "/",
    "expires": 1748947074.641269,
    "size": 61,
    "httpOnly": false,
    "secure": false,
    "session": false,
    "sameParty": false,
    "sourceScheme": "Secure",
    "sourcePort": 443
  },
  {
    "name": "slim_session",
    "value": "h8QaFR4BMa7YTXjMXYtQSyFjsjQUOczyNslIzJJl",
    "domain": "www.apnacollege.in",
    "path": "/",
    "expires": 1714603075.725389,
    "size": 52,
    "httpOnly": true,
    "secure": true,
    "session": false,
    "sameSite": "None",
    "sameParty": false,
    "sourceScheme": "Secure",
    "sourcePort": 443
  },
  {
    "name": "lw_tokens",
    "value": "%7B%22access_token%22%3A%224x9H0OJxnoD8cmZA4uh2f6EVreCo330a1RkS3L4X%22%2C%22token_type%22%3A%22Bearer%22%2C%22expires_in%22%3A604800%2C%22refresh_token%22%3A%22a0lmqYuhJPLnY6mFhHEorkawXb4F3YFYOLTBhqQS%22%7D",
    "domain": "www.apnacollege.in",
    "path": "/",
    "expires": 1714991875.725272,
    "size": 215,
    "httpOnly": false,
    "secure": true,
    "session": false,
    "sameSite": "None",
    "sameParty": false,
    "sourceScheme": "Secure",
    "sourcePort": 443
  },
  {
    "name": "_fbp",
    "value": "fb.1.1714387069805.614777347",
    "domain": ".apnacollege.in",
    "path": "/",
    "expires": 1722163074,
    "size": 32,
    "httpOnly": false,
    "secure": false,
    "session": false,
    "sameSite": "Lax",
    "sameParty": false,
    "sourceScheme": "Secure",
    "sourcePort": 443
  },
  {
    "name": "_clsk",
    "value": "ae8t8x%7C1714387075960%7C2%7C1%7Cg.clarity.ms%2Fcollect",
    "domain": ".apnacollege.in",
    "path": "/",
    "expires": 1714473475,
    "size": 60,
    "httpOnly": false,
    "secure": false,
    "session": false,
    "sameParty": false,
    "sourceScheme": "Secure",
    "sourcePort": 443
  },
  {
    "name": "cf_clearance",
    "value": "Hq1GGnxDIlVDzhtuMiWrzvQOGtU_6RPKoFyf4u3vNTc-1714387069-1.0.1.1-5eGA_HHgICOyqrjxq5rTJnf7ds5kbWG5DLBgts7os3Ql.BwlU7K5ywdKyezMhZ4tTh.DIKP4ao3IWdZVow2bsQ",
    "domain": ".www.apnacollege.in",
    "path": "/",
    "expires": 1745923069.755857,
    "size": 161,
    "httpOnly": true,
    "secure": true,
    "session": false,
    "sameSite": "None",
    "sameParty": false,
    "sourceScheme": "Secure",
    "sourcePort": 443
  },
  {
    "name": "_clck",
    "value": "14ptumo%7C2%7Cflc%7C0%7C1580",
    "domain": ".apnacollege.in",
    "path": "/",
    "expires": 1745923069,
    "size": 33,
    "httpOnly": false,
    "secure": false,
    "session": false,
    "sameParty": false,
    "sourceScheme": "Secure",
    "sourcePort": 443
  },
  {
    "name": "_gcl_au",
    "value": "1.1.1833161692.1714387068",
    "domain": ".apnacollege.in",
    "path": "/",
    "expires": 1722163068,
    "size": 32,
    "httpOnly": false,
    "secure": false,
    "session": false,
    "sameParty": false,
    "sourceScheme": "Secure",
    "sourcePort": 443
  },
  {
    "name": "_ga_VPHPY6NJ60",
    "value": "GS1.1.1714387067.1.1.1714387074.0.0.0",
    "domain": ".apnacollege.in",
    "path": "/",
    "expires": 1748947074.149276,
    "size": 51,
    "httpOnly": false,
    "secure": false,
    "session": false,
    "sameParty": false,
    "sourceScheme": "Secure",
    "sourcePort": 443
  },
  {
    "name": "_ga",
    "value": "GA1.1.2047752344.1714387068",
    "domain": ".apnacollege.in",
    "path": "/",
    "expires": 1748947074.550251,
    "size": 30,
    "httpOnly": false,
    "secure": false,
    "session": false,
    "sameParty": false,
    "sourceScheme": "Secure",
    "sourcePort": 443
  }
]